variant,launch_index,kernel,profile_time_ms,dram_read_bytes,dram_write_bytes,registers_per_thread,shared_bytes_per_block,active_warp_occupancy_percent,peak_dram_throughput_percent,local_load_sectors,local_store_sectors,top_stall_metric,top_stall_ratio
dynamic_both-crop,0,pad_rows,0.557792,536907000.0,1052494000.0,16.0,1024.0,74.211539,85.00569,0.0,0.0,smsp__average_warps_issue_stalled_long_scoreboard_per_issue_active.ratio,9.435504
dynamic_both-crop,1,"void vector_fft<32768, EPT<32>, 1, 0, 70, 0, 2, 0, unsigned int, float, HostConfigPlaceholder>(kernel_arguments_t<T9>)",1.252608,1078210000.0,1824546000.0,64.0,136192.0,44.195264,69.128795,47185920.0,47188792.0,smsp__average_warps_issue_stalled_long_scoreboard_per_issue_active.ratio,7.900335
dynamic_both-crop,2,embed_columns,1.066208,1073788000.0,2125448000.0,28.0,9472.0,95.280562,89.511943,0.0,0.0,smsp__average_warps_issue_stalled_long_scoreboard_per_issue_active.ratio,17.296037
dynamic_both-crop,3,"void vector_fft<8192, EPT<32>, 1, 3, 70, 0, 2, 0, unsigned int, float, HostConfigPlaceholder>(kernel_arguments_t<T9>)",1.426144,2147737000.0,2125058000.0,80.0,34816.0,36.188479,89.375697,0.0,0.0,smsp__average_warps_issue_stalled_long_scoreboard_per_issue_active.ratio,4.508792
dynamic_both-crop,4,multiply_specialized,2.277408,2147717000.0,2126275000.0000002,31.0,1024.0,84.535496,55.982956,0.0,0.0,smsp__average_warps_issue_stalled_wait_per_issue_active.ratio,2.759366
dynamic_both-crop,5,"void vector_fft<8192, EPT<32>, 1, 3, 70, 0, 2, 0, unsigned int, float, HostConfigPlaceholder>(kernel_arguments_t<T9>)",1.426752,2147685000.0,2125049000.0000002,80.0,34816.0,36.529147,89.334387,0.0,0.0,smsp__average_warps_issue_stalled_long_scoreboard_per_issue_active.ratio,4.457672
dynamic_both-crop,6,extract_rows,0.72816,1073782000.0,1055053999.9999999,32.0,9472.0,95.806857,87.215472,0.0,0.0,smsp__average_warps_issue_stalled_long_scoreboard_per_issue_active.ratio,29.797457
dynamic_both-crop,7,"void body_lto_fft<128, EPT<16>, 32, 2, 6, 1, unsigned int, float>(kernel_arguments_t<T7>)",0.707232,1073797000.0,1052392999.9999999,77.0,17408.0,35.720801,89.683699,0.0,0.0,smsp__average_warps_issue_stalled_long_scoreboard_per_issue_active.ratio,5.469404
dynamic_both-crop,8,"void body_lto_fft<256, EPT<8>, 2, 21, 6, 1, unsigned int, float>(kernel_arguments_t<T7>)",0.906976,1073821000.0,526223000.0,40.0,3072.0,72.447513,52.626318,18874368.0,18883352.0,smsp__average_warps_issue_stalled_long_scoreboard_per_issue_active.ratio,5.454889
dynamic_both-native,0,VkFFT_main,0.553632,536911000.0,1051687000.0,32.0,9216.0,96.881569,85.60108,0.0,0.0,smsp__average_warps_issue_stalled_long_scoreboard_per_issue_active.ratio,10.824997
dynamic_both-native,1,VkFFT_main,0.70592,1073778000.0,1052929000.0,48.0,5376.0,58.484479,89.873852,0.0,0.0,smsp__average_warps_issue_stalled_long_scoreboard_per_issue_active.ratio,8.852567
dynamic_both-native,2,VkFFT_main,1.225056,1073786000.0,2125799000.0000002,32.0,9216.0,96.69134,77.912141,0.0,0.0,smsp__average_warps_issue_stalled_long_scoreboard_per_issue_active.ratio,14.944276
dynamic_both-native,3,VkFFT_main,3.174496,2147668000.0,2125203000.0,64.0,17408.0,49.631115,40.151702,0.0,0.0,smsp__average_warps_issue_stalled_no_instruction_per_issue_active.ratio,4.030471
dynamic_both-native,4,VkFFT_main,1.128928,2147536000.0,1055163000.0000001,32.0,9216.0,96.101874,84.628041,0.0,0.0,smsp__average_warps_issue_stalled_long_scoreboard_per_issue_active.ratio,16.557769
dynamic_both-native,5,VkFFT_main,0.708896,1073795000.0,1052267000.0000001,48.0,5376.0,58.667878,89.466557,0.0,0.0,smsp__average_warps_issue_stalled_long_scoreboard_per_issue_active.ratio,11.352572
dynamic_both-native,6,VkFFT_main,0.518624,1073835000.0,520005000.00000006,32.0,9216.0,95.918009,91.677863,0.0,0.0,smsp__average_warps_issue_stalled_long_scoreboard_per_issue_active.ratio,8.889757
static-crop,0,pad_rows,0.556864,536907000.0,1052518000.0000001,16.0,1024.0,74.345628,85.151544,0.0,0.0,smsp__average_warps_issue_stalled_long_scoreboard_per_issue_active.ratio,9.438855
static-crop,1,"void vector_fft<32768, EPT<32>, 1, 0, 70, 0, 2, 0, unsigned int, float, HostConfigPlaceholder>(kernel_arguments_t<T9>)",1.242336,1078193000.0,1824396000.0,64.0,136192.0,45.384384,69.697342,47185920.0,47186040.0,smsp__average_warps_issue_stalled_long_scoreboard_per_issue_active.ratio,8.111569
static-crop,2,embed_columns,1.067776,1073802000.0,2125660000.0,28.0,9472.0,95.293213,89.385106,0.0,0.0,smsp__average_warps_issue_stalled_long_scoreboard_per_issue_active.ratio,17.31457
static-crop,3,"void vector_fft<8192, EPT<32>, 1, 3, 70, 0, 2, 0, unsigned int, float, HostConfigPlaceholder>(kernel_arguments_t<T9>)",1.424992,2147692000.0,2124908000.0,80.0,34816.0,36.307398,89.442589,0.0,0.0,smsp__average_warps_issue_stalled_long_scoreboard_per_issue_active.ratio,4.510928
static-crop,4,multiply_specialized,2.058464,4295135000.0,2129270000.0,16.0,1024.0,78.284503,93.10014,0.0,0.0,smsp__average_warps_issue_stalled_long_scoreboard_per_issue_active.ratio,86.17073
static-crop,5,"void vector_fft<8192, EPT<32>, 1, 3, 70, 0, 2, 0, unsigned int, float, HostConfigPlaceholder>(kernel_arguments_t<T9>)",1.423872,2147675000.0,2125409000.0,80.0,34816.0,36.210107,89.523652,0.0,0.0,smsp__average_warps_issue_stalled_long_scoreboard_per_issue_active.ratio,4.541524
static-crop,6,extract_rows,0.728736,1073779000.0,1055330000.0000001,32.0,9472.0,95.837497,87.154988,0.0,0.0,smsp__average_warps_issue_stalled_long_scoreboard_per_issue_active.ratio,30.190092
static-crop,7,"void body_lto_fft<128, EPT<16>, 32, 2, 6, 1, unsigned int, float>(kernel_arguments_t<T7>)",0.706848,1073808000.0,1052565000.0,77.0,17408.0,35.758072,89.741045,0.0,0.0,smsp__average_warps_issue_stalled_long_scoreboard_per_issue_active.ratio,5.377195
static-crop,8,"void body_lto_fft<256, EPT<8>, 2, 21, 6, 1, unsigned int, float>(kernel_arguments_t<T7>)",0.907392,1073811000.0,526010000.0,40.0,3072.0,72.493862,52.596177,18874368.0,18878632.0,smsp__average_warps_issue_stalled_long_scoreboard_per_issue_active.ratio,5.453555
static-native,0,VkFFT_main,0.553568,536888000.0,1051630000.0000001,32.0,9216.0,96.447153,85.605846,0.0,0.0,smsp__average_warps_issue_stalled_long_scoreboard_per_issue_active.ratio,10.557168
static-native,1,VkFFT_main,0.70496,1073801000.0,1052254999.9999999,48.0,5376.0,58.43875,89.969994,0.0,0.0,smsp__average_warps_issue_stalled_long_scoreboard_per_issue_active.ratio,8.89623
static-native,2,VkFFT_main,1.200608,1073791000.0,2125792999.9999998,32.0,9216.0,96.604368,79.498907,0.0,0.0,smsp__average_warps_issue_stalled_long_scoreboard_per_issue_active.ratio,14.885111
static-native,3,VkFFT_main,2.293152,4295016000.0,2128667000.0,56.0,17408.0,55.588259,83.562823,0.0,0.0,smsp__average_warps_issue_stalled_long_scoreboard_per_issue_active.ratio,22.997739
static-native,4,VkFFT_main,1.10224,2147528000.0,1056211000.0,32.0,9216.0,96.345761,86.704654,0.0,0.0,smsp__average_warps_issue_stalled_long_scoreboard_per_issue_active.ratio,16.460774
static-native,5,VkFFT_main,0.70912,1073789000.0,1052100000.0,48.0,5376.0,58.115646,89.432177,0.0,0.0,smsp__average_warps_issue_stalled_long_scoreboard_per_issue_active.ratio,11.300528
static-native,6,VkFFT_main,0.52032,1073782000.0,520039999.99999994,32.0,9216.0,95.760592,91.383561,0.0,0.0,smsp__average_warps_issue_stalled_long_scoreboard_per_issue_active.ratio,9.615396
